url,name,website,socials,email,address,contact,description,years_active,staff,awards
https://architectdirectory.co.uk/practice/barnsley-hewett-and-mallinson,Barnsley Hewett And Mallinson,https://www.bhmarchitects.com/,[],mail@bhmarchitects.com,"Unit P04, Old Power Station, 121 Mortlake High Street, London, SW14 8SN",Michael Harrison,"We are an RIBA Chartered practice committed to excellent design. BHM are committed to buildings that are designed for life and the way that you live today, with projects ranging from the smallest refurbishment to innovative large-scale developments. We strive to offer the highest standards of professional service along with a friendly, open approach that means we listen to your goals and deliver. Address Unit P04, Old Power Station, 121 Mortlake High Street, London, SW14 8SN Contact Michael Harrison",68,0 - 4,[]
https://architectdirectory.co.uk/practice/base-architecture-and-design,Base Architecture And Design,https://www.basearchitecture.co.uk/,[],hello@basearchitecture.co.uk,,Carl Huntley,"Our residential architecture projects range from single-family dwellings to apartment blocks and residential estates. We acknowledge the individuality of each project, and through our client-centric approach, we blend our knowledge with your vision to create spaces that prioritise comfort, style, and functionality. Influenced by a strong commitment to environmental sustainability, we champion green design principles. Our use of energy-efficient systems and eco-friendly materials contributes to the creation of homes that have sustainability considered wherever practically possible. lakeside lodgefairy glen house garden COMMERCIAL ARCHITECTURE Commercial structures should speak volumes. They reflect a company’s identity, ethos, and spirit. At Base, we comprehend the profound impact architecture can have on businesses, customers, and the community at large. Over the past two decades, we have carved out a niche in the field of commercial architecture. We have designed various structures, ranging from small and medium enterprises to large-scale office buildings, retail outlets, restaurants, and hospitality spaces. Our understanding of the built business environment is comprehensive: we understand how to blend aesthetics and functionality to create spaces that foster productivity, commerce, brand identity, and customer satisfaction. READ MORE SECTORS WE WORK IN modern office spaceiconsys building exteiror aerial view Addresses Unit 1, Nexus, Rousehill, Shrewsbury, SY1 1PT 23 Christleton Road, Chester, CH3 5UF 3 Connaught House, Riverside Business Park, Benarth Road, Conwy, LL32 8UB Contact Carl Huntley",20,5 - 19,[]
https://architectdirectory.co.uk/practice/bbh-chartered-architects,Bbh Chartered Architects,http://www.bbhdartmouth.co.uk/,[],office@bbhdartmouth.co.uk,"9 Duke Street, Dartmouth, TQ6 9PY",Adam Benns,"BBH Chartered Architects Limited offer a dedicated architectural service and have the experience, knowledge and professionalism to enable us to provide realistic and inspired solutions to satisfy all of your building requirements. We take pride in producing designs and results of which all involved can be proud. Address 9 Duke Street, Dartmouth, TQ6 9PY Contact Adam Benns",47,5 - 19,[]
https://architectdirectory.co.uk/practice/bcr-infinity-architects,Bcr Infinity Architects,https://www.bcr-infinityarchitects.co.uk/,[],studio@bcr-infinityarchitects.co.uk,,Christopher Jones,"We approach each project with the benefit of over 30 years worth of knowledge and experience of working within multiple sectors. Our aim is to achieve an appropriateness particular to each project that will fulfil the client’s brief, aspirations and community expectations. Addresses 1 Wellington Street, Cambridge, CB1 1HW The Stable Block, 8 Angel Hill, Bury St Edmunds, IP33 1UZ Contact Christopher Jones",5,5 - 19,[]
https://architectdirectory.co.uk/practice/be-architects,Be Architects,https://www.bearchitects.co.uk/,[],rebecca@bearchitects.co.uk,"12-14 Shaws Road, Altrincham, WA14 1QU",Rebecca Peacock-Nazil,"At Be.architects, we believe that sustainability isn't just a buzzword; it's the cornerstone of our practice. Every design we create is woven with eco-conscious threads, reflecting our commitment to a greener, more responsible future. We blend architectural brilliance with ethical considerations, crafting spaces that harmonize with the environment and enhance the lives they touch. Address 12-14 Shaws Road, Altrincham, WA14 1QU Contact Rebecca Peacock-Nazil",5,0 - 4,[]
https://architectdirectory.co.uk/practice/bell-associates,Bell Associates,http://www.bellassociates.co.uk/,[],design@bellassociates.co.uk,"Millgrove House, 77 Farleigh Road, Warlingham , CR6 9EJ",Andrew Bell,"The Practice provides an architectural consultancy service to a broad range of clients ranging from international companies to individual clients. The fundamental ethos has always been to provide professional design solutions in a prompt and comprehensive manner. Bell Associates have widespread and in depth knowledge of their industry. They have an established reputation within a wide range of sectors, which is demonstrated by the longevity of relationship with clients and the repeat business generated. Address Millgrove House, 77 Farleigh Road, Warlingham , CR6 9EJ Contact Andrew Bell",33,5 - 19,[]
https://architectdirectory.co.uk/practice/benedetti-architects,Benedetti Architects,https://www.benedettiarchitects.com/,"[""https://instagram.com/benedettiarchitects""]",Info@BenedettiArchitects.com,"70 Cowcross Street, London, EC1M 6EJ",Renato Benedetti,"We focus on people – our clients and all who use, or are affected by what we design. We create elegant and uplifting places, finding enduring solutions that add value and are rooted in a contextual understanding of place and the tactile qualities of materials, volume and light. We enjoy taking time to understand clients’ ambitions and values, the wider context and the specific site. We work with our clients to find the best solutions. Good architecture depends on many people working together. We create a relaxed atmosphere of open, creative collaboration between client, design team, stakeholders and builders. We seek the best value out of the complex realities that all projects face, turning constraints into practical opportunities. Address 70 Cowcross Street, London, EC1M 6EJ Contact Renato Benedetti Instagram benedettiarchitects",7,5 - 19,[]
https://architectdirectory.co.uk/practice/bernard-taylor-partnership,Bernard Taylor Partnership,http://www.btparchitects.co.uk/,[],info@btparchitects.co.uk,"Elizabeth House, 486 Didsbury Road, Heaton Mersey, Stockport, SK4 3BS",Victoria Saunders,"Our vision is to design for use and quality of space. We believe that good design should reflect the client brief along with its occupants' expectations, whilst producing high quality, low maintenance and robust schemes. Our mission is to deliver design excellence through investment in our people, clients and communities. Address Elizabeth House, 486 Didsbury Road, Heaton Mersey, Stockport, SK4 3BS Contact Victoria Saunders",76,5 - 19,[]
https://architectdirectory.co.uk/practice/bindloss-daws-architects,Bindloss Daws Architects,http://www.bindlossdawes.com/,[],info@bindlossdawes.com,"9 Quaperlake Street, Burton, BA10 0HF",Oliver Bindloss,"We work collaboratively with our clients to deliver buildings and spaces that sensitively serve unique needs, whilst striving for permanence and quality. Our work balances city and country sensibilities, developed over years delivering complex and celebrated architecture across private residential, retail, cultural and community projects. Address 9 Quaperlake Street, Burton, BA10 0HF Contact Oliver Bindloss",5,5 - 19,[]
https://architectdirectory.co.uk/practice/birds-portchmouth-russum,Birds Portchmouth Russum,http://www.birdsportchmouthrussum.com,"[""https://twitter.com/@BPRarchitecture"", ""https://instagram.com/birdsportchmouthrussum""]",info@birdsportchmouthrussum.com,"Unit 11, Union Wharf, 23 Wenlock Road, London, N1 7SB",Michael Russum,"Our ideas draw strength from urban, historical and social analysis, contemporary culture and art through to the technology of construction. We create sustainable and exquisitely executed architecture and believe that delight and pleasure should be fundamental in any building, product and environment. The public realm is of vital importance and we seek to create public space which encourages people to invigorate and enrich public life. We develop unique and exquisite drawings which communicate the design from early concepts to completed designs. Through collaborative working with a variety of experienced consultants we achieve joyous solutions. Through careful analysis of the site and brief we develop conceptual ideas which inform the design from the master planning stage through to completion of the project in its finest detail. Every project is unique and each design is specifically created and tailored for the client and context. Address Unit 11, Union Wharf, 23 Wenlock Road, London, N1 7SB Contact Michael Russum Twitter @BPRarchitecture Instagram birdsportchmouthrussum",31,5 - 19,[]
https://architectdirectory.co.uk/practice/black-architecture-ltd,Black Architecture Ltd,https://www.black-architecture.com/,"[""https://twitter.com/@Black_Arch"", ""https://instagram.com/black_architecture_""]",contact@black-architecture.com,"Second Floor, Lion House, 3 Plough Yard, London, EC2A 3LP",Steven Burr,"Making the complex simple has been part of our culture since we formed Black in 2003. Our London based practice searches out logical solutions that respond to complex sites and challenging briefs. We begin by listening to our clients, recording and then responding to their needs with thoughtful architecture. Our work doesn’t focus on a style or an architectural image, but about how we can create sustainable buildings that improve the lives of those using them. This approach to wellbeing has enabled us to work with charitable bodies and social housing providers, but equally resolve the needs of both national and international commercial businesses. At the core of this thinking is a desire to create spaces that react responsibly to their context and deliver buildings which use resources responsibly. Who we work with is important to us, as is the ethics of our partners who supply services such as banking, utilities and cleaning. These business choices have influenced our work to date and guide our future plans. Our focus is on finding innovative ways through teamwork to resolve problems which benefit both our clients and those who use their buildings. Skills learnt from our private, third sector and public work influence each other, allowing wider benefits to inform all our work. Address Second Floor, Lion House, 3 Plough Yard, London, EC2A 3LP Contact Steven Burr Twitter @Black_Arch Instagram black_architecture_",17,5 - 19,[]
https://architectdirectory.co.uk/practice/black-cat-architects,Black Cat Architects,https://www.blackcatarchitects.co.uk/,[],andrew@blackcatarchitects.co.uk,,Andrew Docherty,"My passion is helping people get what they want – useful, graceful liveable spaces that reflect the character and lives of those who dwell in them. I work collaboratively and respectfully with my clients and their contractors to ensure an enjoyable, creative stress free design and build process. Addresses 1 Dolfor, Ciliau Aeron, Lampeter, Ceredigion, SA48 8DE Old Cottage, Farfield, Dursley, GL11 5HE Contact Andrew Docherty",,0 - 4,[]
https://architectdirectory.co.uk/practice/blackburn-architects,Blackburn Architects,http://www.blackburnarchitects.co.uk/,[],office@blackburnarchitects.co.uk,"5 Cross Way, Rochester, ME1 3DX",Benjamin Blackburn,"Blackburn Architects is a RIBA chartered practice focused on bespoke, low energy solutions which enhance the experience and function of buildings. Our work is inspired by people, environment, and heritage. From our small studio in Kent – we cover rural and urban locations across London and South East England. Address 5 Cross Way, Rochester, ME1 3DX Contact Benjamin Blackburn",3,0 - 4,[]
https://architectdirectory.co.uk/practice/blee-halligan,Blee Halligan,https://www.bleehalligan.co.uk/,"[""https://twitter.com/@BleeHalligan"", ""https://instagram.com/bleehalligan""]",gregblee@bleehalligan.co.uk,"54 Rivington Street, London, EC2A 3QN",Greg Blee,"Blee Halligan is a RIBA registered and RIBA award-winning architecture firm, with offices in London and the Turks and Caicos Islands. We have forged a reputation for working in remote locations and for architecture that harnesses an emotional connection with natural landscapes. We do not see buildings as isolated objects, rather we think of them as formed by and feeling connected with the specific conditions of each site, be that geographic, climatic, geological, meteorological, cultural or historic. We create unique, innovative and visceral buildings that are designed to be lived in happily, whilst living happily in their setting. Wherever we build, we build with nature in mind. Address 54 Rivington Street, London, EC2A 3QN Contact Greg Blee Twitter @BleeHalligan Instagram bleehalligan",6,0 - 4,[]
https://architectdirectory.co.uk/practice/borgos-pieper,Borgos Pieper,https://www.borgospieper.com/,"[""https://twitter.com/@BorgosPieper"", ""https://instagram.com/borgospieper""]",info@borgospieper.com,"83 Park Mansions, 141 Knightsbridge, London, SW1X 7QU",Etinenne Borgos,"Borgos Pieper is an architecture and design studio directed by Etienne Borgos and Nadine Pieper with offices and associates in London and Barcelona. Our work pursues design excellence at every scale of the built environment; from urban to product design our philosophy incorporates sensitivity to context through a considered approach and careful detailing. The pursuit of quality increasingly embraces the performance of buildings, how they adapt to change and how they may be regenerated with the desire to achieve responsible and timeless projects. The studio is currently developing work in the United Kingdom, Europe, Middle East and the Americas. Address 83 Park Mansions, 141 Knightsbridge, London, SW1X 7QU Contact Etinenne Borgos Twitter @BorgosPieper Instagram borgospieper",13,0 - 4,[]
https://architectdirectory.co.uk/practice/borough-architects,Borough Architects,https://www.borough-architects.co.uk/,"[""https://twitter.com/@boroarc"", ""https://instagram.com/@boroarc""]",contact@borough-architects.co.uk,"88 Stretten Avenue, Cambridge, CB4 3ER",Ze'ev Feigis,"We are a small award winning chartered architecture practice based in Cambridge, UK. The work we do is set mostly in urban contexts, and their complex nature fascinates and inspires us. We strongly believe that a city is the ultimate communal artwork, and therefore each building we help creating contributes towards our culture and society, and every project is an opportunity to benefit the wider environment. Address 88 Stretten Avenue, Cambridge, CB4 3ER Contact Ze'ev Feigis Twitter @boroarc Instagram @boroarc",5,0 - 4,[]
https://architectdirectory.co.uk/practice/bowker-sadler-architecture,Bowker Sadler Architecture,https://www.bowker-sadler.co.uk/,[],office@bowker-sadler.co.uk,"Hatherlow House, Hatherlow, Romiley, Stockport, SK6 3DY",Paul Jeffrey,"We aim to provide a dedicated, friendly, design led architectural service to our clients, with an emphasis on innovation, quality and deliverability & aftercare. While we are known for designing award-winning buildings, each project we undertake is unique and we will never impose a signature style. We will develop a unique solution with each of our clients that is founded in a strong sense of design intent, creativity and integrity. Address Hatherlow House, Hatherlow, Romiley, Stockport, SK6 3DY Contact Paul Jeffrey",40,5 - 19,[]
https://architectdirectory.co.uk/practice/bparchitecture,Bparchitecture,https://www.bparchitecture.co.uk/,[],info@bparchitecture.co.uk,"93 High Street, Biddulph, ST8 6AB",Beverley Poole,"Profile tbc Address 93 High Street, Biddulph, ST8 6AB Contact Beverley Poole",12,5 - 19,[]
https://architectdirectory.co.uk/practice/bpn-architects,Bpn Architects,http://bpnarchitects.co.uk/,[],mail@bpnarchitects.co.uk,"3 Mary Street, Birmingham, B3 1UD",Larry Priest,"We have a collaborative approach to designing buildings and spaces, working alongside clients, end-users, artists, local authorities and other consultants to create better places. This approach has given us a reputation for being cost effective and sustainable, whilst responding to function and context. Address 3 Mary Street, Birmingham, B3 1UD Contact Larry Priest",27,5 - 19,[]
https://architectdirectory.co.uk/practice/bradley-van-der-straeten,Bradley Van Der Straeten,https://b-vds.co.uk//,"[""https://twitter.com/@BVDSarchitects"", ""https://instagram.com/bvdsarchitects""]",info@b-vds.co.uk,"Studio 16, London Fields Studios, 11-17 Exmouth Place, London, E8 3RW",George Bradley,"We are good at ideas. But good ideas are nothing without good execution. We focus on making the process of design and construction simple and enjoyable. We love drawing by hand. We think hand sketching is the best way to explore creative ideas and communicate them to you. Being approachable is important to us. We have a company director and a dedicated project runner on each project from feasibility to construction, providing all projects with a friendly continuity. We love good detail. Producing detailed documents helps us to make the most effective use of your budget and provide you with peace of mind during construction. We know a lot, but we don’t know everything. We have an established network of friendly, experienced consultants and contractors who assist us in making beautiful buildings. Address Studio 16, London Fields Studios, 11-17 Exmouth Place, London, E8 3RW Contact George Bradley Twitter @BVDSarchitects Instagram bvdsarchitects",10,5 - 19,[]
https://architectdirectory.co.uk/practice/brady-mallalieu-architects,Brady Mallalieu Architects,https://bradymallalieu.com/,"[""https://twitter.com/@BradyMallalieu"", ""https://instagram.com/bradymallalieu""]",bma@bradymallalieu.com,"90 Queens Drive, London, N4 2HW",Angela Brady,"Brady Mallalieu Architects are an award winning, design led RIBA Chartered Practice based in London, established by Robin Mallalieu and Angela Brady OBE. Our practice has designed many buildings in the public and private sectors in the UK and overseas including; Housing, Education, Office Fit-out, Healthcare, Historic buildings, Interior Design and Urban Design. Our work has been extensively published and exhibited. We enjoy the challenges of contemporary architecture and working with enlightened clients. Address 90 Queens Drive, London, N4 2HW Contact Angela Brady Twitter @BradyMallalieu Instagram bradymallalieu",25,5 - 19,[]
https://architectdirectory.co.uk/practice/brewster-bye-architects,Brewster Bye Architects,http://www.brewsterbye.co.uk/,[],info@brewsterbye.co.uk,"5 North Hill Road, Headingley, Leeds, LS6 2EN",Nathan Wilkinson,"Brewster Bye Architects are an award-winning and innovative architects practice based in Leeds. We design visually striking but also highly functional architecture. Address 5 North Hill Road, Headingley, Leeds, LS6 2EN Contact Nathan Wilkinson",31,5 - 19,[]
https://architectdirectory.co.uk/practice/brian-o-reilly-architects,Brian O Reilly Architects,http://www.brianoreillyarchitects.com,"[""https://twitter.com/@BORArchitects"", ""https://instagram.com/brianoreilly_architects""]",mail@brianoreillyarchitects.com,"31 Oval Road, London, NW1 7EA",Brian O Reilly,"Brian O’Reilly Architects is a London based RIBA Chartered architecture and design studio, established in January 2004 by Brian & Tijen O’Reilly. The formation of the practice is the result of their desire to bring together their experience and ideas and to determine their own architecture as well as to realise their designs and make things happen. The practice has designed, transformed, restored and created many built projects. We consider every new project as a fresh challenge, tailored to a specific context, requirements of the client, site conditions and budget. Increasingly our portfolio includes conservation and work to listed buildings. Our approach is to deliver well conceived and detailed projects to our clients with strong emphasis on design and inventive use of building materials. The practice enjoys engaging in a range of disciplines needed to make a good project from spatial studies to detailed furniture design. All of our designs are a collaboration with our clients, builders & craftsmen. We draw on our personal cultural heritage and our environment to provide inspiration. We are inspired by authenticity of buildings, context, materials, light, design and people. We look to the visual arts and our surroundings for inspiration. Address 31 Oval Road, London, NW1 7EA Contact Brian O Reilly Twitter @BORArchitects Instagram brianoreilly_architects",16,0 - 4,[]
https://architectdirectory.co.uk/practice/brierley-groom,Brierley Groom,https://www.brierleygroom.co.uk/,[],matthew.groom@brierleygroom.co.uk,"2 Holly Tree House, Harwood Road, Northminster Business Park, Upper Poppleton, York, YO26 6QU",Matthew Groom,"Brierley Groom is an award winning chartered architects practice based in York, North Yorkshire, known for creating both traditional and contemporary architecture throughout the region including York, Harrogate, Wetherby and Boston Spa. Address 2 Holly Tree House, Harwood Road, Northminster Business Park, Upper Poppleton, York, YO26 6QU Contact Matthew Groom",273,0 - 4,[]
https://architectdirectory.co.uk/practice/brisac-gonzalez,Brisac Gonzalez,http://www.bgarchitecture.org,"[""https://instagram.com/link not working""]",admin@brisacgonzalez.com,,Edgar Gonzalez,"BG Architecture formerly Brisac Gonzalez, reflects the evolution of the Southwark-based practice founded in 1999. The practice is committed to providing innovative, people-centred design solutions, focusing on sustainability and careful consideration of site-specific challenges and opportunities. Our London work includes new built and retrofit office and residential schemes. The latter includes both private and public housing, where we specialise in collaborating with local authorities to deliver quality, affordable housing on infill sites. We are concerned with all things architectural in the broadest sense, be it commercial and cultural buildings, as well as urban and interior design. We work by collaborating with our clients and challenging the conventional to create outstanding architecture, better places to live and work, and greater value in the built environment. Our buildings have exceptional spatial qualities that are augmented by palettes of visually rich and robust materials. Our work evolves from rigorous working methods that include collaborations with specialist consultants, comprehensive research of a project’s site and its environmental condition, extensive use of three-dimensional studies, and most importantly responding to our clients’ needs. Address 7 Bermondsey Exchange, 179-181 Bermondsey Street, London, SE1 3UW Contact Edgar Gonzalez Instagram link not working",21,5 - 19,[]
https://architectdirectory.co.uk/practice/brisco-loran,Brisco Loran,http://www.briscoloran.com,"[""https://instagram.com/briscoloranarc""]",info@briscoloran.com,,Thom Brisco,"Brisco Loran is an architecture practice based in London designing spaces for living, work, and the arts. We work with the public sector, communities, institutions, and individuals to deliver projects ranging from housing to furniture. Address Ground Floor Shop 165 Battersea High Street London, SW11 3JS Contact Thom Brisco Instagram briscoloranarc",2,0 - 4,[]
https://architectdirectory.co.uk/practice/bromilow-architects,Bromilow Architects,http://www.bromilowarchitects.co.uk/,[],mail@bromilowarchitects.co.uk,"13 Carpenters Lane, West Kirby, Wirral, CH48 7EX",Sally Bromilow,"Our expertise lies in finding innovative ways to maximise space, adding substantial value to your projects. Address 13 Carpenters Lane, West Kirby, Wirral, CH48 7EX Contact Sally Bromilow",19,0 - 4,[]
https://architectdirectory.co.uk/practice/brooks-architects,Brooks Architects,http://www.brooksarchitects.com/,[],info@brooksarchitects.com,"16 Colonial House, Station Road, Leiston, IP16 4JD",Peter Brooks,"Much of our work is residential; one-off homes, along with conversion and refurbishment of barns, sheds and existing houses to create unique homes for our clients. We have significant experience with listed buildings and heritage projects. We undertake commercial works and have recently delivered a beautiful organic farm shop, a Montessori nursery school, vegetable stores, workshops, vehicle dealerships and a new farmyard. Address 16 Colonial House, Station Road, Leiston, IP16 4JD Contact Peter Brooks",38,0 - 4,[]
https://architectdirectory.co.uk/practice/browning-architects,Browning Architects,https://www.browningarchitects.co.uk/,[],info@browningarchitects.co.uk,"Earlsfield Business Centre, 9 Lydden Road, Earlsfield, London, SW18 4LT",Oliver Browning,"Oliver Browning started Browning Architects Ltd in Wandsworth, South West London, after many years working in the prime residential market at some of Londons most well known and desirable addresses creating beautiful homes. Oliver has worked on commercial projects, including retail shopping malls, and has worked for Terry Farrell on master plan schemes in London and abroad. Address Earlsfield Business Centre, 9 Lydden Road, Earlsfield, London, SW18 4LT Contact Oliver Browning",17,0 - 4,[]
https://architectdirectory.co.uk/practice/brunton-boobyer-partnership,Brunton Boobyer Partnership,http://www.bruntonboobyer.com,[],bbp@bruntonboobyer.com,"201 Greewich High Road, London, SE10 8NB",Simon Boobyer,"The Brunton Boobyer Partnership is a firm of Chartered Architects, established in 1953, with a broad range of experience. The Practice has designed buildings of many types, including primary healthcare facilities, laboratories, bio-medical research facilities, residential developments, offices, educational and industrial buildings. These have involved new-build, refurbishments, conversions, and extensions, including restoration of historic and listed buildings. We are experienced with a range of contract procurement methods, such as traditional and design/build. We are also working with Clients within Framework Agreements and informal partnering arrangements. Our client base includes many private clients and developers, NHS Trusts, Universities, Local Authorities, Government departments and research establishments. Address 201 Greewich High Road, London, SE10 8NB Contact Simon Boobyer",67,5 - 19,[]
https://architectdirectory.co.uk/practice/burrell-and-mistry-ltd,Burrell And Mistry Ltd,http://www.burrellmistry.com,"[""https://twitter.com/@burrellmistry"", ""https://instagram.com/burrellmistry""]",post@burrellmistry.com,"7a Lamb's Conduit Passage, London, WC1R 4RG",James Burrell,"Burrell + Mistry is an award winning studio dedicated to delivering exceptional architecture and design. We are passionate about creating something of intrinsic value for our clients. One of our residential specialities is Paragraph 55 and we have completed many restaurant, private members bars, commercial and other projects both in the UK & internationally to client acclaim. We value our clients and relish the opportunity of working with them on an ever expanding variety of stimulating projects. Our clients respond with great feedback and praise for our hard work and delight in the designs that have exceeded their expectations. We love our work and crave the unusual and challenging schemes whether they are interiors, hotels, residential, commercial or master-planning. Our job is our passion and we believe that building spaces and homes should be life enhancing for everyone. Address 7a Lamb's Conduit Passage, London, WC1R 4RG Contact James Burrell Twitter @burrellmistry Instagram burrellmistry",20,5 - 19,[]
https://architectdirectory.co.uk/practice/bwp-architects,Bwp Architects,http://www.bwparchitects.com/,[],studio3@bwparchitects.com,,James Palmer,"The ability to design individual solutions for each client and for each scheme together with a firm understanding of construction detailing, contract administration and an ability to achieve planning permission where others have failed has attracted many of our clients. A consistently high quality of service ensures many recommendations and repeat work from both private clients and developers. Addresses 4 Leadhall Lane, Harrogate, HG2 9NE 10, Borelli Yard, Farnham, GU9 7NU Contact James Palmer",20,0 - 4,[]
https://architectdirectory.co.uk/practice/byothers,Byothers,https://byothers.com/,"[""https://instagram.com/_ByOthers""]",hello@byothers.com,"310 Commercial Way, London, SE15 1QN",Richard Keys,"ByOthers was founded in 2020 to broaden the scope of typical architecture practice and challenge what a design studio can be in the 21st Century. Delivering positive change within the built environment is a dynamic challenge and design is a constantly evolving process. We are agents of change, working with the idealists and disruptors who believe in a brighter, open-minded and ambitious future. Address 310 Commercial Way, London, SE15 1QN Contact Richard Keys Instagram _ByOthers",3,0 - 4,[]
https://architectdirectory.co.uk/practice/c-architecture,C Architecture,http://www.c-architecture.com/,[],info@c-architecture.com,"Platf9rm, Ground Floor, Hove Town Hall, Tisbury Road, Hove, BN3 3BQ",David Challinor,"C-Architecture Limited is fast gaining a reputation as the visionary for sustainable homes. We deliver premium grade functionality, with high eco credentials. Address Platf9rm, Ground Floor, Hove Town Hall, Tisbury Road, Hove, BN3 3BQ Contact David Challinor",14,0 - 4,[]
https://architectdirectory.co.uk/practice/calls-architecture,Calls Architecture,http://www.callsarchitecture.co.uk/portfolio/home.html,[],architects@callsarchitecture.co.uk,"11 Cotswold Drive, Garforth, Leeds, LS25 2DA",Stephen Dixon,"Calls Architecture design buildings and environments of their time and place. We develop inclusive and imaginative designs for each individual client, brief and budget. We create designs that are both contemporary and sensitive to the local context. We have extensive experience of working with the regeneration of historic buildings, landscapes and places. We believe in reducing the environmental impact of construction, and strive to develop sustainable designs that minimise the use of energy. We make considered material choices and develop environmental solutions suited to the lifecycle of a building. Address 11 Cotswold Drive, Garforth, Leeds, LS25 2DA Contact Stephen Dixon",14,0 - 4,[]
https://architectdirectory.co.uk/practice/calum-duncan-architects,Calum Duncan Architects,https://calumduncan.com/,"[""https://instagram.com/calumduncanarchitectsltd""]",mail@calumduncan.com,"13a Thirlestone Lane, Edinburgh, EH9 1AJ",Calum Duncan,"We create homes, buildings and spaces that are unique to the users' needs and interests, full of personality, improving energy-efficiency and above all, a delight to live or work in - while also remaining flexible enough to cope with changing circumstances. Address 13a Thirlestone Lane, Edinburgh, EH9 1AJ Contact Calum Duncan Instagram calumduncanarchitectsltd",10,0 - 4,[]
https://architectdirectory.co.uk/practice/campbell-jackson-architects,Campbell Jackson Architects,http://www.campbelljackson.co.uk/,[],mail@cjarch.com,"Long Crichel House, Long Crichel, Wimborne, BH21 5JU",James Campbell,"Campbell Jackson is an award winning architectural practice based in Dorset, with a long experience of designing and building in both town and country. The context of every project is unique in some way. We work to uncover and exploit this uniqueness. Address Long Crichel House, Long Crichel, Wimborne, BH21 5JU Contact James Campbell",2,5 - 19,[]
https://architectdirectory.co.uk/practice/carolyn-squire-architect,Carolyn Squire Architect,http://www.carolynsquire.co.uk,[],mail@carolynsquire.co.uk,"122 Church Walk, London, N16 8QW",Carolyn Squire,"Carolyn Squire has been running a residential practice in Stoke Newington for over 20 years, providing clients with a highly personalised service on a range of projects from kitchens and bathrooms to conversions, extensions and new build houses. At every stage of the project, from feasibility to completion, the closest attention is paid to the wishes of the client. The practice aims, as a result, to be able to create space that is functional, uplifting and a long-term asset both to the client and the wider built environment. Address 122 Church Walk, London, N16 8QW Contact Carolyn Squire",20,0 - 4,[]
https://architectdirectory.co.uk/practice/carter-gregson-gray,Carter Gregson Gray,https://www.cartergregsongray.com/,"[""https://instagram.com/cartergregsongray""]",studio@cartergregsongray.com,"c/o Arup, 8 Fitzroy Street, London, W1T 4BJ",Kevin Gray,"Carter Gregson Gray are London based architects with international experience and a global outlook. We design thoughtful places to live, work, learn and play. We help organisations, communities and individuals, find meaningful outcomes for their needs. Address c/o Arup, 8 Fitzroy Street, London, W1T 4BJ Contact Kevin Gray Instagram cartergregsongray",2,5 - 19,[]
https://architectdirectory.co.uk/practice/carve-architecture,Carve Architecture,https://carvearchitecture.co.uk/,[],info@carvearchitecture.co.uk,,Tim Hatton,"The practice brings together the diverse skills of its partners who are all long-time friends. These skills encompass both the public and private sectors and include residential, commercial, retail, civic and masterplanning projects. Architecture is closely supported by and entwined with specialisms in sustainability and building research that inform and influence the design work. Addresses 14 Clifford Street, York, YO1 9RD Toffee Factory, Lower Steenbergs Yard, Ouseburn, Newcastle upon Tyne, NE1 2DF Contact Tim Hatton",12,5 - 19,[]
https://architectdirectory.co.uk/practice/carvell-associates,Carvell Associates,https://www.carvellassociates.com/,[],jamescarvell@outlook.com,"39 Snows Green Road, Shotley Bridge, Consett, DH8 0HD",James Carvell,"We believe all building projects should be seen as an investment of time, energy, resource and capital. Our architectural design expertise draws on over 30 years of experience in the industry, with a focus on cost effective solutions and bespoke developments. We resolve to create and deliver designs of value. This philosophy is consistent with our approach to all projects: Quality within budget. Address 39 Snows Green Road, Shotley Bridge, Consett, DH8 0HD Contact James Carvell",13,0 - 4,[]
https://architectdirectory.co.uk/practice/casa-architects,Casa Architects,https://www.casa-architects.com/,[],studio@casa-architects.com,"Attika Workspace, Bath Brewery, Toll Bridge Road, Bath, BA1 7DE",Ian Walker,"Our sensitivity to site and context, combined with our environmental philosophy and care for our clients, results in beautiful, sustainable and transformative buildings. This approach has led to designing projects across the UK, in all scales of building: from house extensions and new homes to schools and community buildings. Address Attika Workspace, Bath Brewery, Toll Bridge Road, Bath, BA1 7DE Contact Ian Walker",17,5 - 19,[]
https://architectdirectory.co.uk/practice/cass-associates,Cass Associates,http://www.cassassociates.co.uk/,[],enquiry@cassassociates.co.uk,"Studio 204 B, The Tea Factory, 82 Wood Street, Liverpool, L1 4DQ",Richard Roberts,"We view scheme design and project delivery as a continuous, integrated process involving creative, technical and ‘hands on’ project management skills. This approach has been applied successfully across a broad range of building types, including housing, sport and leisure, cultural, commercial and industrial projects. Address Studio 204 B, The Tea Factory, 82 Wood Street, Liverpool, L1 4DQ Contact Richard Roberts",40,0 - 4,[]
https://architectdirectory.co.uk/practice/casson-conder-partnership,Casson Conder Partnership,https://www.cassonconder.co.uk/,[],nora@cassonconder.co.uk,"Fifth Floor, 167-169 Great Portland Street, London, W1W 5PF",Tina Roscoe,"Casson Conder Partnership is a Royal Institute of British Architects Chartered Practice delivering contemporary design since 1956. We have extensive knowledge and experience of a broad range of architectural projects, from individual private houses and residential developments to educational and commercial buildings. We have particular expertise in building conversions, extensions, basements and working with listed buildings. We care about building successful relationships with our clients, based on a sound appreciation of their requirements. Our work is driven by a commitment to maximise the potential for our clients by adding value and identifying opportunities, overcoming obstacles, achieving programme and budget expectations and delivering practical and creative design solutions. Address Fifth Floor, 167-169 Great Portland Street, London, W1W 5PF Contact Tina Roscoe",64,0 - 4,[]
https://architectdirectory.co.uk/practice/cave-cooperative,Cave Cooperative,http://www.cave.coop,"[""https://twitter.com/@cavecoop"", ""https://instagram.com/thecavecoop""]",info@cave.coop,"Unit 108, 61 Victoria Road, Surbiton, KT6 4JX",Paul Harvey,"The Cave Co-operative is a sustainable architectural practice founded by Liz Crisp and Vera Hale in 2008. At The Cave Co-operative we work within a social business model. Cave focuses on sustainable construction techniques and design solutions that bring out the full potential of a project. Because we care about you and our planet we do this while minimising environmental impact. Cave educates and inspires through innovative and functional eco friendly buildings. Creating surroundings our clients and the wider community can enjoy. The Cave Co-operative champions eco friendly projects that involve natural building materials such as straw, cob, timber and stone. At Cave we also specialise in working with the local community, focused towards community build and ownership. Cave understand the importance of good communication and enjoys a close relationship with their clients. We share our ideas and enthusiasm to create and achieve original, high quality sustainable buildings that are delivered on time and within budget. Address Unit 108, 61 Victoria Road, Surbiton, KT6 4JX Contact Paul Harvey Twitter @cavecoop Instagram thecavecoop",12,0 - 4,[]
https://architectdirectory.co.uk/practice/cazenove-architects,Cazenove Architects,http://www.cazenove-architects.com,"[""https://twitter.com/@cazenove_arch"", ""https://instagram.com/cazenove_architects""]",contact@cazenove-architects.com,"34 Clarence Mews, London, E5 8HL",Louise Goodison,"Established in its present form in 1998, Cazenove Architects is an award winning team of architects and designers based in East London. Cazenove is built on a culture of ideas, and creativity. We are open to new ideas at all times exploring the possibilities of our ever changing built environment. We develop highly tailored solutions for our clients at every stage, and we add value. Cazenove works on projects in education, community and urban regeneration as well as housing and the core aim of the practice is the celebration of sustainable building environments through the perception and experience of building users. Cazenove’s buildings challenge the disintegration and isolation of the urban landscape by creating sustainable, vibrant and embracing community landmarks. Cazenove has built upon this experience, and now in our third decade, we continue to offer clients a highly individual design consultancy service where every project is considered as a new possibility to provide fantastic and unique design solutions that are intimately tailored to our client’s aspirations. Address 34 Clarence Mews, London, E5 8HL Contact Louise Goodison Twitter @cazenove_arch Instagram cazenove_architects",22,0 - 4,[]
https://architectdirectory.co.uk/practice/chaplin-farrant-wiltshire,Chaplin Farrant Wiltshire,http://www.cfw-architects.com/,[],studio@cfw-architects.com,"27 St Thomas Street, Winchester, SO23 9HJ",Martyn Wiltshire,"Chaplin Farrant Wiltshire is an award-winning architectural and interior design practice which offers clients innovative, high quality professional design and full project services from inception to completion. From our Winchester base we can provide services as a residential architect to clients across London and the Southern region. Address 27 St Thomas Street, Winchester, SO23 9HJ Contact Martyn Wiltshire",50,0 - 4,[]
https://architectdirectory.co.uk/practice/chris-matson-architect,Chris Matson Architect,https://www.chrismatson.co.uk/,"[""https://twitter.com/@matsoncj""]",mail@chrismatson.co.uk,"18-32 Mitchell Street, Dalkeith, EH22 1JQ",Chris Matson,"I’m an Experienced chartered architect specializing in high-quality residential projects, listed buildings, small-scale commercial developments and Urban Design Address 18-32 Mitchell Street, Dalkeith, EH22 1JQ Contact Chris Matson Twitter @matsoncj",18,0 - 4,[]
https://architectdirectory.co.uk/practice/chris-snow-architects,Chris Snow Architects,https://www.chrissnowarchitects.com/,"[""https://instagram.com/chrissnowarchitect""]",INFO@CHRISSNOWARCHITECTS.COM,"Unit 7, The Energy Centre, Bowling Green Walk, London, N1 6AL",Christopher Snow,"Chris Snow BA(Hons) DipArch RIBA established his practice in 2015. Prior to this Chris worked with Tony Fretton Architects, Allies and Morrison and the late Jonathan Woolf, with whom he returned to collaborate and help complete his final works. Under the name New Town Studio, Chris was shortlisted for several design competitions, including the National Grid pylon design competition in 2011. Current projects include a 1960s church remodelling in Essex and a new build house in Hampstead Garden Suburb. Chris studied architecture at London Metropolitan University with Caruso St John and at Nottingham University. He has taught architecture at Kingston and Nottingham Universities and is a Design Review Panel member for Epping and for Harlow and Gilston Garden Town. Address Unit 7, The Energy Centre, Bowling Green Walk, London, N1 6AL Contact Christopher Snow Instagram chrissnowarchitect",10,0 - 4,[]
https://architectdirectory.co.uk/practice/ciao,Ciao,https://www.ciao.archi/,"[""https://instagram.com/ciao_archi""]",info@ciao.archi,"Mare Street Studios, 203/213 Mare Street, London, E8 3JS",Allesandro Penna,"Our team is diverse, united by the same passion for intelligent design. London is our home, but our roots are in Northern Italy, where we also operate as a Practice. Our Journey started in 2016, utilising our passion for maximising space efficiently and creatively through micro flats projects and home extensions. We now specialise in delivering bold and efficient commercial developments on behalf of investors and property developers. In the same way we can convert a 35 sqm studio flat into smart accommodation for four people, our design led approach allows us to unlock a site’s potential and create value for our clients. All our projects start with a methodical analysis of the site constraints and the local context. Volumes are shaped in order to maximise site’s capacity, whilst making sure the proposal sits well within the urban context and complies with the local planning policies. Spaces are designed to be flexible, adaptable and filled with natural light, so people can enjoy them to live, work and play. Materials and details are added, with the aim to establish a dialogue with the neighbouring buildings and at the same time ensure durability and sustainability. Address Mare Street Studios, 203/213 Mare Street, London, E8 3JS Contact Allesandro Penna Instagram ciao_archi",4,0 - 4,[]
https://architectdirectory.co.uk/practice/city-architecture-office,City Architecture Office,https://www.cityarc.co.uk/,[],info@cityarc.co.uk,"4 Caledonian Place, Edinburgh, EH11 2AS",Tom Robertson Smith,"The practice has a reputation for thoughtful design work, driven by a commitment to create clear, simple and elegant architecture. Our design approach adds value well beyond the cost of professional fees and City Architecture Office (CiAO) delivers successful projects that aim to enhance the quality of our lives; whether at home, at work, or the public places in between. Address 4 Caledonian Place, Edinburgh, EH11 2AS Contact Tom Robertson Smith",15,0 - 4,[]
https://architectdirectory.co.uk/practice/clarman,Clarman,https://clarman.com/,"[""https://instagram.com/clarmanarchitects""]",cm@clarman.com,"Unit 1 33 Dungannon Road, Coalisland, BT71 4HP",James Maneely,"Clarman have been involved in the design and construction of residential accommodations from their inception. Clarman pride ourselves in the bespoke design of one off dwellings to meet the Client’s individual needs. Over the years we have completed a large selection of dwellings from single storey chalet to three storey accommodation in various locations throughout Northern Ireland and the Republic of Ireland. Address Unit 1 33 Dungannon Road, Coalisland, BT71 4HP Contact James Maneely Instagram clarmanarchitects",36,0 - 4,[]
https://architectdirectory.co.uk/practice/clay-architecture,Clay Architecture,http://www.clayarchitecture.com/,[],design@clayarchitects.com,"Great Lines Studios, Marlborough Road, Gillingham, ME7 5HB",Kasan Goh,"Clay Architecture is based in the Medway area of Kent. The practice has long-standing clients and a deep sense of place. The practice loves working with clients on difficult sites and challenging briefs. They are tenacious, obsessed with innovation, viability and details. Clients trust in the team’s ability to deliver. Address Great Lines Studios, Marlborough Road, Gillingham, ME7 5HB Contact Kasan Goh",23,0 - 4,[]
https://architectdirectory.co.uk/practice/clear-architects,Clear Architects,https://cleararchitects.co.uk/,[],mail@cleararchitects.co.uk,,Melanie Clear,"Clear Architects is an ambitious and established architectural practice with studios in Epping Forest and the New Forest. We are a RIBA Chartered practice renowned for “exceptional” architectural designs and impressive planning permission success rate. Addresses The Studio, 38 Church Hill, Loughton, IG10 1LA Studio 2, Hatchett Green, Hale, SP6 2NB Contact Melanie Clear",18,5 - 19,[]
https://architectdirectory.co.uk/practice/coffey-architects,Coffey Architects,http://coffeyarchitects.com/,"[""https://twitter.com/@CoffeyArch"", ""https://instagram.com/coffeyarchitects""]",enquiries@coffeyarchitects.com,"104-110 Goswell Road, London, EC1V 7DH",Dorota Glab,"Energetic and willing, witty with rigour, as a team, Coffey Architects is a mix of personalities, strengths and skills. Across the team we represent 10 nationalities, speak nine languages and do a mean round of karaoke. We are proud of our enthusiasm and experience and the way those qualities translate into sustainable housing work of high quality and delight. Our greatest preoccupation is connecting people to their environment through the harmmonious integration of nature and natural light. We have won civic and design awards for multi-unit housing schemes, one-off home renovations and everything in between. Address 104-110 Goswell Road, London, EC1V 7DH Contact Dorota Glab Twitter @CoffeyArch Instagram coffeyarchitects",19,5 - 19,[]
https://architectdirectory.co.uk/practice/cole-company,Cole Company,https://www.coleand.com/,"[""https://twitter.com/@CompanyCole"", ""https://instagram.com/cole_and_com""]",hello@coleand.com,"45 Reliance Wharf, Hertford Road, London, N1 5EW",Tom Cole,"Profile tbc Address 45 Reliance Wharf, Hertford Road, London, N1 5EW Contact Tom Cole Twitter @CompanyCole Instagram cole_and_com",3,0 - 4,[]
https://architectdirectory.co.uk/practice/concept-eight-architects,Concept Eight Architects,http://www.concept8.co.uk/,[],info@concept8.co.uk,"ESC House, South Road, Weybridge, KT13 9DZ",Mufazzal Chowdhury,"Our studio environment ensures that designs are thoroughly critiqued and all possibilities are explored to ensure you get the optimal solution to your needs whilst balancing brief, site constraints and budget. Having completed many hundreds of projects, our processes are tried and tested to ensure you get the most out of our services which will result in a successful design. We believe in order to achieve quality architecture; design must be at the forefront of every stage of a project from concept to competition. Our dedicated and experienced team enjoy the challenge of creativity, individuality and technical detailing and love to see their designs come to life throughout construction. Address ESC House, South Road, Weybridge, KT13 9DZ Contact Mufazzal Chowdhury",17,5 - 19,[]
https://architectdirectory.co.uk/practice/conrad-koslowsky-architects,Conrad Koslowsky Architects,https://www.conradkoslowsky.com/,"[""https://instagram.com/conradkoslowskyarchitects""]",mail@conradkoslowsky.com,,Conrad Koslowsky,"Conrad Koslowsky Architects are an award-winning design-led architecture studio with a dedication to carefully crafted design and attention to detail. We indulge in both the technical and poetic resolution of each project we undertake. Founded on principles of material responsibility and sustainability in its broadest sense, we are committed to constructing enduring designs that stand the test of time. We are passionate about the social reach of architecture and believe in the transformative power of design to improve the many diverse environments that we all inhabit daily. Our portfolio spans across residential, commercial, education, and retail sectors. We are currently working on several private residential projects, children’s care homes, a new-build office building, and an office refurbishment. We provide a tailored and bespoke service and work closely and collaboratively with our clients to identify the unique spatial, social, cultural, and material contexts of each project. We develop inventive responses to these complex settings through an iterative design-led process. We welcome projects of any scale and devote the same rigour to the design process for each one. We are well versed in the planning and regulatory requirements of the built environment and have worked on several listed buildings. If you’d like to find out more about working together, please get in touch. Address Conrad Koslowsky Architects Unit 5H, Stamford Works, 3 Gillett Street, N16 8JH Contact Conrad Koslowsky Instagram conradkoslowskyarchitects",5,0 - 4,[]
https://architectdirectory.co.uk/practice/core-architcts,Core Architcts,https://www.core-architects.co.uk/,[],info@core-architects.co.uk,"The Terrace, Grantham Street, Lincoln, LN2 1BD",Sam Culling,"We are proud of our proven track record in providing bespoke solutions to new and reconfigured homes for private clients. We work closely with our clients to understand the brief and site constraints to provide contemporary and imaginative design solutions. Address The Terrace, Grantham Street, Lincoln, LN2 1BD Contact Sam Culling",14,5 - 19,[]
https://architectdirectory.co.uk/practice/cottrell-and-vermeulen-architecture-limited,Cottrell And Vermeulen Architecture Limited,https://www.cv-arch.co.uk/,"[""https://twitter.com/@CottVerm"", ""https://instagram.com/cottverm""]",info@cv-arch.co.uk,"1B Iliffe Street, London, SE17 3LJ",Brian Vermeulen,"Cottrell & Vermeulen Architecture is an award-winning RIBA Chartered Practice with more than two decades of experience designing and building spaces for communities, institutions and individuals. Our portfolio of work spans a broad range of clients, stakeholders, budgets, timelines and sites, from small-scale but impactful community projects to working for central government, within large masterplans or framework design consortia, from constrained urban sites to suburban, rural and greenbelt locations. We draw directly on this experience to help clients engage with key stakeholders and evaluate strategic options. This helps us define a project vision together, understand what interventions and spaces will have the greatest impact in the long term, and make them integral to the project. We propose that the diversity of our work is a direct reflection of this approach to design. We are committed to designing buildings and spaces that are materially and socially sustainable. We have particular expertise in sustainable refurbishment, and aim to build in longevity, adaptability and robustness into all our work. We are a diverse practice with exceptional staff retention and a strong local connection through completed projects, peer design review and work experience programmes. We welcome enquiries from prospective clients, employees and collaborators from all backgrounds. Address 1B Iliffe Street, London, SE17 3LJ Contact Brian Vermeulen Twitter @CottVerm Instagram cottverm",28,5 - 19,[]
https://architectdirectory.co.uk/practice/cover-storey-architects,Cover Storey Architects,http://www.coverstorey.co.uk/,[],info@coverstorey.co.uk,"The Studio, 18 St Georges Avenue, Havant, PO9 2RX",Daniel Stroud,"Our process of investigative architecture seeks out a tailored response in every case, assimilating as much relevant information as possible over time in order to distil a reasoned and rational response and an elegant architectural solution. Our projects thus develop and are nurtured by the team, client, engineers and other construction colleagues, resulting in a contextually sensitive solution which we hope will always enhance the living environment. Design not so much by the will of the architect but through the nurture and direction of the architect. Address The Studio, 18 St Georges Avenue, Havant, PO9 2RX Contact Daniel Stroud",7,0 - 4,[]
https://architectdirectory.co.uk/practice/cowper-griffith-architects,Cowper Griffith Architects,http://www.cowpergriffith.co.uk/,[],architects@cowpergriffith.co.uk,"15 High Street, Whittlesford, Cambridge, CB22 4LT",Adrian Small,"All of our projects have a common approach to their design, reflecting a desire to achieve honesty in their composition and use of materials, as well as to add to the wider environment in an unselfconscious way. Our buildings are always meticulously realised, though this need not mean a visual complexity. We celebrate the innate qualities of materials and give great thought to the manner in which they are connected, and finished. Address 15 High Street, Whittlesford, Cambridge, CB22 4LT Contact Adrian Small",38,5 - 19,[]
https://architectdirectory.co.uk/practice/cp-architects,Cp Architects,http://www.cparchitects.net/,[],mail@cparchitects.net,"110 George Street, Oban, Argyll, PA34 5NT",Iain Campbell,"CP Architects operate from their Oban office on the West Coast of Scotland providing innovative design solutions in remote and sensitive environments working within budget and programme constraints, bringing a wide knowledge base and local understanding to each project. Address 110 George Street, Oban, Argyll, PA34 5NT Contact Iain Campbell",19,0 - 4,[]
https://architectdirectory.co.uk/practice/craft-studio,Craft Studio,https://craftstudio.ie/,"[""https://twitter.com/craftstudioARC"", ""https://instagram.com/craftstudio_architecture""]",info@craftstudio.ie,"The Postmaster’s House, 33 Shore Road, Holywood, BT18 9HX",Ronan Fitzpatrick,"Our projects place a strong emphasis on how people interact with buildings and space. We believe in creating buildings that inspire their occupants, exposing their potential through material, light and relationship with context. Craftstudio Architecture use a wide range of techniques to investigate and communicate our ideas. This approach is critical to the engagement of our clients in the design process. Address The Postmaster’s House, 33 Shore Road, Holywood, BT18 9HX Contact Ronan Fitzpatrick Twitter craftstudioARC Instagram craftstudio_architecture",,5 - 19,[]
https://architectdirectory.co.uk/practice/craftworks-architects,Craftworks Architects,https://www.craftworks.co.uk/,"[""https://instagram.com/craftworksarchitects""]",info@craftworks.co.uk,"Unit 52.11 Woolyard, 52 Bermondsey Street, London, SE1 3UD",John Smart,"Craftworks seeks to progress the relationship between the craft of building and the art of design within a unique form of practice. It is balanced between the roles of architect, developer and an in-house construction team. Such a synergic structure informs the approach to the work and aims to address the restrictive and conventional practice of architecture which is often compromised by the realms of the everyday contingent. The triptych form encompasses new roles of the architect, informed client and craft based builder whilst reigniting the possibilities and return of the 'master builder'. The studio is driven by risks, autonomy, experimentation and reinvention. New typologies are as possible as new building briefs as in turn are new building technologies and methodologies. The research is applied and empirically tested through built works on site. Recently established, the practices first major project, DKH, received the RIBA award for London's best housing which supported and illuminated the possible achievements of this new formed practice. Whilst currently engaged with various scales of residential projects, the practice will soon explore other social conditions and set these within new building types. Address Unit 52.11 Woolyard, 52 Bermondsey Street, London, SE1 3UD Contact John Smart Instagram craftworksarchitects",2,0 - 4,[]
https://architectdirectory.co.uk/practice/crane-and-associates,Crane And Associates,http://www.craneassociates.com/,[],admin@craneassociates.com,"1 Dawes Court, High Street, Esher, KT10 9QD",Robin Crane,"An award winning practice of architects and designers with a reputation for finding elegant solutions to both contemporary and historic architectural challenges. Address 1 Dawes Court, High Street, Esher, KT10 9QD Contact Robin Crane",36,5 - 19,[]
https://architectdirectory.co.uk/practice/croft-architecture,Croft Architecture,http://www.croftarchitecture.com/,[],enquiries@croftarchitecture.com,"6-7 Pearl House, Anson Court, Staffordshire Technology Park, Stafford, ST18 0GB",Carl Croft,"At Croft we know that it's more than just a building for our clients. We are professionally skilled and personally invested in making sure your project comes to life and creates a place you can thrive. Address 6-7 Pearl House, Anson Court, Staffordshire Technology Park, Stafford, ST18 0GB Contact Carl Croft",14,5 - 19,[]
https://architectdirectory.co.uk/practice/curl-la-tourelle-and-head,Curl La Tourelle And Head,https://www.clth.co.uk/,"[""https://twitter.com/@CLTHArchitects"", ""https://instagram.com/cltharchitecture""]",mail@clth.co.uk,,Sarah Curl,"We are a progressive and contemporary community of architects that focuses on sustainable and practical designs through a creative dialogue with our clients, consultants, contractors and communities. We will translate aspirations into appropriate, innovative and joyful buildings through integrated, context-specific design. Our experienced team will create an individual solution for each project, large or small. Continuous attention to detail ensures the highest quality at each work stage. We welcome new challenges and apply knowledge gained from completed projects to new situations. Our hard-working buildings ensure maximum quality and value. We will listen to you, and we will act on what we hear. Addresses Podium Level, Shakespeare Tower, Barbican, London, EC2Y 8DR 6 Silver Street, Deal, CT14 6LB The Paragon, Bath, BA1 5LY Contact Sarah Curl Twitter @CLTHArchitects Instagram cltharchitecture",,5 - 19,[]
https://architectdirectory.co.uk/practice/cutler-architects,Cutler Architects,http://www.cutlerarch.com/,[],mail@cutlerarch.com,"43 St Marys Street, Wallingford , OX10 0EU",Richard Cutler,"Cutler Architecture are Arts & Crafts specialists working with original, as well as new modern interpretations of Arts & Crafts houses designed for contemporary living, working with natural and vernacular building materials, such as local stone, slate and timber. Address 43 St Marys Street, Wallingford , OX10 0EU Contact Richard Cutler",37,0 - 4,[]
https://architectdirectory.co.uk/practice/d-and-h-farmer-chartered-architects,D And H Farmer Chartered Architects,http://www.dhfarmer.co.uk/,[],mail@dhfarmer.co.uk,"Meldon Design Studio, 2 Elcho Street Brae, Peebles, EH45 8HU",Helen Farmer,"Located in Peebles, 25 miles south of Edinburgh, D & H Farmer Chartered Architects has been working with private and commercial clients throughout the Borders and central Scotland since 1997. We offer a range of bespoke architectural services, tailored to the requirements of the individual client. Address Meldon Design Studio, 2 Elcho Street Brae, Peebles, EH45 8HU Contact Helen Farmer",26,0 - 4,[]
https://architectdirectory.co.uk/practice/d4p-uk-ltd,D4P Uk Ltd,https://www.d4p-uk.com/,"[""https://twitter.com/@d4puk""]",info@d4p-uk.com,"2 Eastbourne Terrace, London, W2 6LG",Miguel Nobrega,"D4P’s mission is to serve the maximum number of people and to add value through our ‘thought leadership’, resourcefulness and technical adeptness. Our energetic and flexible approach gives us the innovative edge that translates into creating designs, firstly, for people, the users of the space. When these people enjoy these spaces, our designs create a place, one that is memorable to all. A collection of these ‘places’ transform into successful, useful and profitable properties. We achieve this with a true and uncompromising passion. Address 2 Eastbourne Terrace, London, W2 6LG Contact Miguel Nobrega Twitter @d4puk",,0 - 4,[]
https://architectdirectory.co.uk/practice/dale-venn-architects,Dale Venn Architects,https://www.dalevennarchitects.com/,[],dalevennarchitects@gmail.com,"High House, Harlington Road, Hillingdon, Middlesex, UB8 3HX",Dale Venn,"Dale Venn heads a team dedicated to providing you with a first class service in the world of design, architecture, planning and construction. Our team has extensive experience and expertise developed over 30 years, through working with private and corporate clients throughout West London and Buckinghamshire. We can offer you a professional and imaginative service whether new build, refurbishment, extension or conversion. Address High House, Harlington Road, Hillingdon, Middlesex, UB8 3HX Contact Dale Venn",,0 - 4,[]
https://architectdirectory.co.uk/practice/dalley-smith-architecture,Dalley Smith Architecture,http://www.dalleysmitharchitecture.co.uk/,[],stephen@dalleysmith.co.uk,"Meadow Farm, Meadow Lane, Bathampton, Bath, BA2 6SL",Stephen Dalley Smith,"Dalley Smith Architecture is a RIBA Chartered Practice established in 1991 by Stephen Dalley Smith. We work within Bath and through the Wiltshire and Somerset countryside. Projects include individual houses for private clients, work with historic and listed buildings, rural conversions, city centre refurbishments and projects for private developers. Address Meadow Farm, Meadow Lane, Bathampton, Bath, BA2 6SL Contact Stephen Dalley Smith",32,5 - 19,[]
https://architectdirectory.co.uk/practice/dallman-johnstone-architects,Dallman Johnstone Architects,http://www.dallmanjohnstone.co.uk/,[],studio@dallmanjohnstone.co.uk,"The Studio, 24 New Kirk Road, Bearsden, Glasgow, G61 3SL",Christopher Johnstone,"Profile tbc Address The Studio, 24 New Kirk Road, Bearsden, Glasgow, G61 3SL Contact Christopher Johnstone",31,0 - 4,[]
https://architectdirectory.co.uk/practice/damian-howkins-architects,Damian Howkins Architects,https://www.damianhowkins.com/,"[""https://instagram.com/damianhowkinsarchitects""]",info@damianhowkins.com,,Damian Howkins,"Damian Howkins Architects Limited is an architectural practice established by Damian Howkins in 2014, with studios in both London and Margate. The studio places strong emphasis on developing new ideas and solutions with clients, working to create buildings that express a sense of place, are meaningful and enjoyable to their users and have architectural honesty. Damian has been designing award winning buildings for over 10 years in both the private and commercial sector. With projects across London and the South East of England his work ranges from house extensions and bespoke new-build houses, to extensive commercial and real estate developments. Working closely with all members of the design team including clients, users, planners, consultants and contractors, the studio is able to produce a design approach that is clear, logical and appropriate. We enjoy developing long-term relationships with our clients and always use past experiences to ensure that our buildings maintain their quality and purpose far into the future. Addresses Work Life, Rivington House, London, EC2A 3JF 59 Sweyn Road, Cliftonville, Margate, CT9 2DD Contact Damian Howkins Instagram damianhowkinsarchitects",6,0 - 4,[]
https://architectdirectory.co.uk/practice/dandelion-seeds-architects,Dandelion Seeds Architects,http://www.dandelionseeds.co.uk/,[],info@dseeds.co.uk,"2 Addison Grove, Taunton, TA2 6JF",Philip Bristow,"Since our inception in 2020, our team has worked on a wide range of projects throughout the South and South West of England. The bulk of our workload has focussed on the design of: Bespoke one-off houses, barn conversions (class Q), net zero affordable modular housing, luxury apartments and grade 2 listed buildings as well as a community centre, paragraph 80 houses and the Master plan for a wellbeing retreat. Address 2 Addison Grove, Taunton, TA2 6JF Contact Philip Bristow",3,0 - 4,[]
https://architectdirectory.co.uk/practice/daniel-hurd-associates,Daniel Hurd Associates,http://www.dhaa.co.uk/,[],design@dhaa.co.uk,"33 Powell Street, Birmingham, B1 3DH",Daniel Hurd,"Our approach is resolutely modern but with a sensitivity to tradition and context. The practice engages in an innovative, forward thinking professional outlook which takes into account new methods of working, commercial trends, social factors, energy management, environmental and safety issues. DHA Architects always adopts a client-focused approach to project management, which serves to optimise the site or exisiting building, providing practical and creative designs, whilst ensuring best practice and regulatory compliance. Address 33 Powell Street, Birmingham, B1 3DH Contact Daniel Hurd",29,5 - 19,[]
https://architectdirectory.co.uk/practice/dannatt-johnson-architects,Dannatt Johnson Architects,https://djarchitects.co.uk/,"[""https://twitter.com/@DannattJohnson"", ""https://instagram.com/dannattjohnsonarchitects""]",studio@djarchitects.co.uk,"Unit 1, The Wireworks, 77 Great Suffolk Street, London, SE1 0BU",David Johnson,"The practice of Dannatt, Johnson Architects has been responsible for work covering most aspects of building procurement: feasibility studies, master-planning, archi­tec­tural design, project management and completion of buildings on site. The types of work include public and private buildings for a range of clients and a variety of uses: university and school buildings, community and the arts, service buildings and residential accommodation. In addition to designing new buildings, the practice has worked on the adaptation and restoration of historic buildings of inter­na­tional importance and on the conser­vation for community benefit of more modest yet locally valued structures. It is especially adept at fitting new uses and new buildings into historic and sensitive settings. Throughout, the work of the practice is informed by a concern for the resolution of client needs, the situation found and the means available. Address Unit 1, The Wireworks, 77 Great Suffolk Street, London, SE1 0BU Contact David Johnson Twitter @DannattJohnson Instagram dannattjohnsonarchitects",,5 - 19,[]
https://architectdirectory.co.uk/practice/david-brain-partnership,David Brain Partnership,https://www.dbpbath.co.uk/,[],mail@dbpbath.co.uk,"Ralph Allen's Town House, 2 Church Street, Bath, BA1 1NL",Craig Underdown,"We strive to create buildings that not only enhance the quality of life of those using them, but that also thoroughly fulfill their function and satisfy the demands of the environmental context in which they are built. We seek a good three-dimensional use of space and a sensible relationship between the various elements providing excellent visual and design qualities. Address Ralph Allen's Town House, 2 Church Street, Bath, BA1 1NL Contact Craig Underdown",37,5 - 19,[]
https://architectdirectory.co.uk/practice/david-coles-architects,David Coles Architects,https://www.colesarchitects.co.uk/,"[""https://instagram.com/dcaltd""]",admin@colesarchitects.co.uk,,David Coles,"DCa is a forward thinking architectural studio which works with clients to achieve desired outcomes and 'Add Value by Design'. At DCa we know the importance of working as a team and we pride ourselves on being innovative, ﻿strategic thinkers﻿, creative, collaborative, ﻿environmentally conscientious﻿ and professional. Address DCa (David Coles Architects) Bank House, 2 High Street, Olney, Milton Keynes, MK46 4YY Contact David Coles Instagram dcaltd",30,5 - 19,[]
